,index,x,y
0,000,0.5558543521204287,-0.3684677391058412
1,10,0.8917884459281726,1.6400439255559651
2,1829,0.15135919143397786,-0.11226352145321186
3,1877,0.5880121055850275,-0.29589028344654095
4,1927,0.2908206897418281,-0.22530867623985937
5,1982,0.26028889569950237,0.1730872466538951
6,1983,0.26028889569950237,0.1730872466538951
7,200,0.2908206897418281,-0.22530867623985937
8,2010,0.26028889569950237,0.1730872466538951
9,2011,0.26028889569950237,0.1730872466538951
10,2015,1.2118491638236901,-0.5347927011123971
11,2016,0.7678029347944918,-0.5639270582928275
12,25,0.4458942229640863,0.8200219627779826
13,250,0.2650336623786006,-0.14315906286598182
14,27,0.4458942229640863,0.8200219627779826
15,29,0.13227892273384928,0.03248715741147169
16,41,0.13227892273384928,0.03248715741147169
17,79,0.5880121055850275,-0.29589028344654095
18,81,0.5880121055850275,-0.29589028344654095
19,across,0.2732640628454266,-0.40429807477636925
20,africa,0.09108802094847553,-0.13476602492545642
21,after,0.4458942229640863,0.8200219627779826
22,all,0.5880121055850275,-0.29589028344654095
23,along,0.8788327953268555,-0.5211989596864003
24,also,0.10243987243558436,-0.1613610409983193
25,although,0.2650336623786006,-0.14315906286598182
26,alton,0.4458942229640863,0.8200219627779826
27,amateur,0.4458942229640863,0.8200219627779826
28,america,0.09108802094847553,-0.13476602492545642
29,and,5.300078793678428,1.0771134297301912
30,announced,0.17979082920946435,-0.26803677484628663
31,around,0.2650336623786006,-0.14315906286598182
32,as,2.23547190091237,0.005103175173168828
33,at,1.9193240483759153,2.0094485358542293
34,attendance,0.2650336623786006,-0.14315906286598182
35,australia,0.09108802094847553,-0.13476602492545642
36,award,0.4458942229640863,0.8200219627779826
37,banks,0.2650336623786006,-0.14315906286598182
38,bbc,0.12440166446119184,-0.14444930883632226
39,be,0.17979082920946435,-0.26803677484628663
40,becoming,0.2650336623786006,-0.14315906286598182
41,between,1.699034912418188,1.1294031248418215
42,blondie,0.4458942229640863,0.8200219627779826
43,blue,0.26028889569950237,0.1730872466538951
44,blues,0.4812745440443793,-0.2556253781232035
45,bny,0.3176639418221628,-0.010303676243954781
46,boat,1.4999983423214949,-0.9631293224317572
47,british,0.4458942229640863,0.8200219627779826
48,broadcast,0.23747912626610274,-0.16311020672293006
49,broadcasters,0.09108802094847553,-0.13476602492545642
50,but,0.5880121055850275,-0.29589028344654095
51,by,2.3323754558898426,-0.886649736490617
52,cambridge,2.1130056419687415,1.4219153571131893
53,canada,0.09108802094847553,-0.13476602492545642
54,cancer,0.3595816584189287,-0.5360735496925733
55,central,0.09108802094847553,-0.13476602492545642
56,champions,0.7202910283188768,-0.26340312603506927
57,championship,0.15135919143397786,-0.11226352145321186
58,charge,0.26028889569950237,0.1730872466538951
59,chiswick,0.2908206897418281,-0.22530867623985937
60,claimed,0.5880121055850275,-0.29589028344654095
61,clegg,0.26028889569950237,0.1730872466538951
62,competed,0.2908206897418281,-0.22530867623985937
63,competition,0.24063727202218965,-0.12781268906160176
64,course,1.0301919867608336,-0.6334624811396122
65,crew,0.5880121055850275,-0.29589028344654095
66,dark,0.24063727202218965,-0.12781268906160176
67,day,0.5880121055850275,-0.29589028344654095
68,dead,0.5880121055850275,-0.29589028344654095
69,donate,0.17979082920946435,-0.26803677484628663
70,ebu,0.09108802094847553,-0.13476602492545642
71,engineering,0.2650336623786006,-0.14315906286598182
72,europe,0.09108802094847553,-0.13476602492545642
73,event,0.7387348651476336,0.43413089516823655
74,ever,0.2650336623786006,-0.14315906286598182
75,excluding,0.5880121055850275,-0.29589028344654095
76,expected,0.2650336623786006,-0.14315906286598182
77,female,0.2650336623786006,-0.14315906286598182
78,fifteen,0.4458942229640863,0.8200219627779826
79,fifth,0.20073744576298524,-0.04608089883746851
80,first,1.295225649139434,-0.776621544005594
81,followed,0.12442931329201971,-0.04525591395947066
82,for,2.0322245497007465,2.1080729285582045
83,four,0.5880121055850275,-0.29589028344654095
84,fourth,0.1588319709110814,-0.005151838121977391
85,fox,0.09108802094847553,-0.13476602492545642
86,further,0.4458942229640863,0.8200219627779826
87,goldie,0.4458942229640863,0.8200219627779826
88,great,0.4458942229640863,0.8200219627779826
89,had,0.20073744576298524,-0.04608089883746851
90,half,0.5781731456979355,0.8525091201894542
91,harris,0.20073744576298524,-0.04608089883746851
92,having,0.7202910283188768,-0.26340312603506927
93,he,0.26028889569950237,0.1730872466538951
94,heat,0.5880121055850275,-0.29589028344654095
95,held,1.0301919867608336,-0.6334624811396122
96,henley,0.2908206897418281,-0.22530867623985937
97,history,0.5880121055850275,-0.29589028344654095
98,honour,0.12442931329201971,-0.04525591395947066
99,hour,0.4458942229640863,0.8200219627779826
100,in,2.6687037891791277,-1.3263642018230206
101,inaugural,0.20073744576298524,-0.04608089883746851
102,including,0.09108802094847553,-0.13476602492545642
103,interwar,0.2908206897418281,-0.22530867623985937
104,into,0.7202910283188768,-0.26340312603506927
105,investment,0.1588319709110814,-0.005151838121977391
106,is,0.9353901215703154,0.6016974457974396
107,isis,0.4458942229640863,0.8200219627779826
108,it,1.3494783225377067,0.18424397445282145
109,january,0.17979082920946435,-0.26803677484628663
110,journalist,0.4458942229640863,0.8200219627779826
111,judith,0.2650336623786006,-0.14315906286598182
112,kew,0.2908206897418281,-0.22530867623985937
113,kingdom,0.23747912626610274,-0.16311020672293006
114,km,0.15135919143397786,-0.11226352145321186
115,last,0.4458942229640863,0.8200219627779826
116,later,0.4458942229640863,0.8200219627779826
117,leading,0.13227892273384928,0.03248715741147169
118,least,0.2908206897418281,-0.22530867623985937
119,led,0.5880121055850275,-0.29589028344654095
120,lengths,0.7202910283188768,-0.26340312603506927
121,light,0.24063727202218965,-0.12781268906160176
122,line,0.2650336623786006,-0.14315906286598182
123,live,0.12440166446119184,-0.14444930883632226
124,london,0.15135919143397786,-0.11226352145321186
125,main,0.09108802094847553,-0.13476602492545642
126,major,0.12442931329201971,-0.04525591395947066
127,management,0.1588319709110814,-0.005151838121977391
128,march,0.4458942229640863,0.8200219627779826
129,margin,0.5880121055850275,-0.29589028344654095
130,mellon,0.3176639418221628,-0.010303676243954781
131,men,3.2177382942289974,0.883799742625369
132,metre,0.2908206897418281,-0.22530867623985937
133,mile,0.15135919143397786,-0.11226352145321186
134,minutes,0.4458942229640863,0.8200219627779826
135,monetary,0.4458942229640863,0.8200219627779826
136,money,0.4458942229640863,0.8200219627779826
137,months,0.4458942229640863,0.8200219627779826
138,mortlake,0.15135919143397786,-0.11226352145321186
139,most,0.26028889569950237,0.1730872466538951
140,méxico,0.09108802094847553,-0.13476602492545642
141,newton,0.1588319709110814,-0.005151838121977391
142,no,0.8917884459281726,1.6400439255559651
143,notes,0.4458942229640863,0.8200219627779826
144,numerous,0.09108802094847553,-0.13476602492545642
145,occasions,0.2908206897418281,-0.22530867623985937
146,of,3.218715957690229,-0.2319516741133105
147,official,0.2650336623786006,-0.14315906286598182
148,officially,0.5880121055850275,-0.29589028344654095
149,on,2.630679860946945,-0.5913523083375641
150,online,0.01135185148710883,-0.026595016072862878
151,osiris,0.4458942229640863,0.8200219627779826
152,overall,0.7202910283188768,-0.26340312603506927
153,overseen,0.20073744576298524,-0.04608089883746851
154,oxford,3.2890298531387963,0.8301347902201072
155,packer,0.2650336623786006,-0.14315906286598182
156,pain,0.4458942229640863,0.8200219627779826
157,period,0.2908206897418281,-0.22530867623985937
158,place,0.442179881175806,-0.33757219769307123
159,pm,0.4458942229640863,0.8200219627779826
160,point,0.12442931329201971,-0.04525591395947066
161,poor,0.2650336623786006,-0.14315906286598182
162,prior,0.2908206897418281,-0.22530867623985937
163,prize,0.4458942229640863,0.8200219627779826
164,putney,0.15135919143397786,-0.11226352145321186
165,race,7.293933718651477,2.789775311348831
166,races,1.6750342035628982,-0.89407357567023
167,recently,0.26028889569950237,0.1730872466538951
168,reduced,0.2650336623786006,-0.14315906286598182
169,referred,0.4812745440443793,-0.2556253781232035
170,reigning,0.13227892273384928,0.03248715741147169
171,research,0.3595816584189287,-0.5360735496925733
172,reserve,0.4458942229640863,0.8200219627779826
173,reserves,1.8869520965127418,0.08508233301891885
174,respectively,0.2650336623786006,-0.14315906286598182
175,retitled,0.17979082920946435,-0.26803677484628663
176,rivalry,0.12442931329201971,-0.04525591395947066
177,river,0.41639285381257846,-0.2554225843191937
178,rob,0.26028889569950237,0.1730872466538951
179,roger,0.4458942229640863,0.8200219627779826
180,rowed,0.26028889569950237,0.1730872466538951
181,rowing,0.24063727202218965,-0.12781268906160176
182,running,0.20073744576298524,-0.04608089883746851
183,same,1.176024211170055,-0.5917805668930819
184,sarah,0.2650336623786006,-0.14315906286598182
185,senior,0.5880121055850275,-0.29589028344654095
186,seven,0.4458942229640863,0.8200219627779826
187,showed,0.09108802094847553,-0.13476602492545642
188,side,0.4812745440443793,-0.2556253781232035
189,simon,0.20073744576298524,-0.04608089883746851
190,six,0.7202910283188768,-0.26340312603506927
191,sky,0.09108802094847553,-0.13476602492545642
192,sometimes,0.4812745440443793,-0.2556253781232035
193,south,0.15135919143397786,-0.11226352145321186
194,spectators,0.2650336623786006,-0.14315906286598182
195,sponsored,0.3176639418221628,-0.010303676243954781
196,sponsors,0.17979082920946435,-0.26803677484628663
197,sponsorship,0.17979082920946435,-0.26803677484628663
198,sports,0.09108802094847553,-0.13476602492545642
199,started,0.4458942229640863,0.8200219627779826
200,streamed,0.01135185148710883,-0.026595016072862878
201,subsidiary,0.1588319709110814,-0.005151838121977391
202,summer,0.4458942229640863,0.8200219627779826
203,sunday,0.4458942229640863,0.8200219627779826
204,supersport,0.09108802094847553,-0.13476602492545642
205,takes,0.15135919143397786,-0.11226352145321186
206,thames,0.442179881175806,-0.33757219769307123
207,that,1.3934879869680425,-0.01194187036113159
208,the,18.51568496852477,-1.8316063375849145
209,there,0.4458942229640863,0.8200219627779826
210,though,0.5880121055850275,-0.29589028344654095
211,three,0.26028889569950237,0.1730872466538951
212,throughout,0.12442931329201971,-0.04525591395947066
213,tideway,0.7887495513480127,-0.34197118228400947
214,time,1.4949326700116015,0.6511380271478683
215,title,0.17979082920946435,-0.26803677484628663
216,to,1.9847226601687642,-1.4560569503681589
217,took,0.5511095854413305,-0.05222142958596426
218,tsn,0.09108802094847553,-0.13476602492545642
219,two,0.41525000303384785,-0.27056459019933005
220,uk,0.3595816584189287,-0.5360735496925733
221,umpire,0.5205777913990047,0.3461744933077902
222,umpired,0.46577110814158584,-0.18923996170345034
223,united,0.23747912626610274,-0.16311020672293006
224,universities,0.12442931329201971,-0.04525591395947066
225,university,0.4812745440443793,-0.2556253781232035
226,usually,0.2908206897418281,-0.22530867623985937
227,victories,0.5880121055850275,-0.29589028344654095
228,victory,0.5880121055850275,-0.29589028344654095
229,was,2.141506401491626,-1.0850191466428243
230,weather,0.2650336623786006,-0.14315906286598182
231,went,0.7202910283188768,-0.26340312603506927
232,were,1.1180794303422288,-0.5822084091785046
233,west,0.15135919143397786,-0.11226352145321186
234,which,0.2908206897418281,-0.22530867623985937
235,while,0.1588319709110814,-0.005151838121977391
236,who,0.20073744576298524,-0.04608089883746851
237,winckless,0.5300673247572012,-0.28631812573196364
238,winning,0.4458942229640863,0.8200219627779826
239,with,0.7202910283188768,-0.26340312603506927
240,women,3.5343460113340535,0.5763414530116321
241,won,0.7202910283188768,-0.26340312603506927
242,works,0.2650336623786006,-0.14315906286598182
243,worldwide,0.21551733424049524,-0.18002193888492707
244,would,0.17979082920946435,-0.26803677484628663
245,yd,0.2908206897418281,-0.22530867623985937
246,year,0.1588319709110814,-0.005151838121977391
